{
    "installed": {
        "client_id": "545532510347-bg7f5h091afk5jdnpag5ep4tf17f2mb8.apps.googleusercontent.com",
        "project_id": "calendarpythonapi",
        "auth_uri": "https://accounts.google.com/o/oauth2/auth",
        "token_uri": "https://oauth2.googleapis.com/token",
        "auth_provider_x509_cert_url": "https://www.googleapis.com/oauth2/v1/certs",
        "client_secret": "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",
        "redirect_uris": [
            "http://localhost"
        ]
    }
}